,lead_id,village,distance_from_darab_km,property_type,usage_purpose,electricity_access,lead_source,required_appliances,estimated_daily_energy_need_kwh,quoted_price_m_toman,purchased,purchase_probability,lead_score,priority_level
0,L0001,Hasan Abad,14.9,garden_house,mixed_use,none,referral,"pump,lights",10.0,628.7,1,0.562716239829031,56.3,Medium
1,L0002,Madavan,32.1,rural_house,seasonal_garden,none,referral,"lights,TV",2.5,151.0,1,0.4927262711114919,49.3,Medium
2,L0003,Layzangan,82.1,garden_house,mixed_use,none,referral,"lights,fridge,TV",4.5,284.1,0,0.536800385459018,53.7,Medium
3,L0004,Dabiran,70.6,garden_house,seasonal_garden,unstable,local_ad,"lights,fridge",4.7,286.8,0,0.23741985599808704,23.7,Low
4,L0005,Jannat Shahr,24.8,garden_house,mixed_use,unstable,instagram,"lights,fridge",5.1,282.2,1,0.48838690807311813,48.8,Medium
5,L0006,Shahanan,8.2,garden_house,seasonal_garden,unstable,local_ad,"AC,fridge,lights",10.9,586.2,0,0.2286972717455196,22.9,Low
6,L0007,Pasakhan,25.7,garden_house,mixed_use,unstable,local_ad,"AC,fridge",9.1,378.0,0,0.29456671834058706,29.5,Low
7,L0008,Bargan,9.5,farm,agriculture,unstable,referral,"pump,fridge",11.1,761.7,1,0.8097877825876025,81.0,High
8,L0009,Bargan,11.6,rural_house,seasonal_garden,none,referral,"lights,TV",2.3,138.7,0,0.5290220135559048,52.9,Medium
9,L0010,Pasakhan,28.5,garden_house,seasonal_garden,none,local_ad,lights,1.3,96.5,0,0.19323353072405108,19.3,Low
10,L0011,Shamsabad,14.7,garden_house,seasonal_garden,unstable,local_ad,"lights,fridge",3.5,205.4,0,0.3156165688566156,31.6,Low
11,L0012,Bargan,12.3,garden_house,seasonal_garden,unstable,referral,"lights,fridge",4.0,283.5,0,0.4592574265409306,45.9,Medium
12,L0013,Tizab,18.3,farm,agriculture,none,instagram,"pump,lights",9.1,486.1,0,0.6911951689767786,69.1,Medium
13,L0014,Jannat Shahr,24.6,farm,agriculture,none,referral,"pump,lights",10.2,676.2,1,0.8130648492432581,81.3,High
14,L0015,Hasan Abad,13.5,garden_house,seasonal_garden,none,referral,"lights,fridge",3.6,238.2,1,0.5166926444048193,51.7,Medium
15,L0016,Rostaq,74.6,farm,agriculture,none,referral,"pump,AC",12.6,723.2,1,0.9054258109810658,90.5,High
16,L0017,Jannat Shahr,19.9,rural_house,primary_residence,unstable,returning_customer,"lights,fridge,TV",4.9,253.1,1,0.6546344480231274,65.5,Medium
17,L0018,Jamsi,16.4,farm,agriculture,none,referral,pump,8.5,621.0,1,0.8782196430128345,87.8,High
18,L0019,Hasan Abad,15.9,farm,agriculture,unstable,local_ad,"pump,AC",16.2,693.2,1,0.8260025149261535,82.6,High
19,L0020,Banouj,15.0,farm,agriculture,unstable,instagram,"pump,fridge",9.3,700.1,1,0.7107667253940665,71.1,High
20,L0021,Khosouyeh,46.5,garden_house,seasonal_garden,unstable,referral,"lights,TV",2.1,150.7,0,0.33978123120241244,34.0,Low
21,L0022,Dabiran,68.8,garden_house,agriculture,none,local_ad,"pump,lights",10.0,631.5,1,0.43973658037859564,44.0,Medium
22,L0023,Bakhtajerd,15.9,farm,agriculture,unstable,instagram,"pump,fridge",8.4,704.9,1,0.7245635164087549,72.5,High
23,L0024,Banouj,15.5,garden_house,primary_residence,unstable,referral,"lights,fridge",3.5,236.6,0,0.5949559023667208,59.5,Medium
24,L0025,Jannat Shahr,19.7,garden_house,seasonal_garden,none,referral,"lights,fridge",5.1,287.7,1,0.49091943361768403,49.1,Medium
25,L0026,Shamsabad,23.5,farm,agriculture,none,local_ad,"pump,lights",9.0,608.7,0,0.7210139294112438,72.1,High
26,L0027,Layzangan,79.2,rural_house,seasonal_garden,unstable,instagram,"lights,TV",2.2,178.6,0,0.24157049700262961,24.2,Low
27,L0028,Jannat Shahr,22.3,garden_house,seasonal_garden,unstable,referral,"lights,fridge,TV",5.9,308.6,1,0.3447528594138585,34.5,Low
28,L0029,Tizab,14.8,garden_house,seasonal_garden,none,instagram,lights,1.5,128.1,1,0.20613899099037525,20.6,Low
29,L0030,Madavan,34.6,farm,agriculture,none,referral,"lights,fridge,TV",5.2,303.4,1,0.8450743500593186,84.5,High
30,L0031,Pasakhan,23.5,garden_house,seasonal_garden,none,local_ad,"lights,TV",2.4,141.7,1,0.3052839982000331,30.5,Low
31,L0032,Sangcharak,3.2,farm,mixed_use,none,local_ad,"pump,AC",13.6,644.6,1,0.8354952791234689,83.5,High
32,L0033,Shamsabad,16.7,farm,agriculture,none,local_ad,"pump,lights",7.3,493.1,0,0.7306979839723196,73.1,High
33,L0034,Jannat Shahr,19.9,garden_house,seasonal_garden,none,returning_customer,lights,1.4,143.0,0,0.3965570412060538,39.7,Low
34,L0035,Dabiran,69.7,garden_house,seasonal_garden,none,referral,"lights,fridge",4.4,295.0,0,0.4194450592691232,41.9,Medium
35,L0036,Shahanan,10.6,farm,agriculture,unstable,returning_customer,"pump,lights",8.9,680.6,1,0.8549737505983362,85.5,High
36,L0037,Nidshahr,5.5,farm,primary_residence,unstable,referral,pump,8.0,470.4,1,0.7215461080798978,72.2,High
37,L0038,Dabiran,67.0,garden_house,seasonal_garden,none,local_ad,"AC,fridge,lights",10.1,562.3,0,0.2083669002077822,20.8,Low
38,L0039,Dabiran,70.1,farm,agriculture,unstable,,"pump,lights",8.5,585.9,0,0.7153981849111548,71.5,High
39,L0040,Shamsabad,15.3,farm,agriculture,none,instagram,pump,7.7,493.5,1,0.7895057576306029,79.0,High
40,L0041,Rostaq,69.8,farm,mixed_use,none,referral,"pump,lights",8.1,511.4,1,0.669200748785772,66.9,Medium
41,L0042,Pasakhan,31.5,farm,agriculture,none,referral,"pump,AC",11.9,749.3,1,0.9336495012849854,93.4,High
42,L0043,Sangcharak,5.5,garden_house,seasonal_garden,unstable,instagram,"lights,TV",1.9,135.2,1,0.2771060230660535,27.7,Low
43,L0044,Sangcharak,5.7,rural_house,seasonal_garden,none,local_ad,lights,2.0,157.3,0,0.27910269036667046,27.9,Low
44,L0045,Jannat Shahr,20.7,farm,agriculture,none,referral,"pump,lights",8.3,517.6,1,0.8123857178464619,81.2,High
45,L0046,Bakhtajerd,19.0,farm,agriculture,none,,"pump,lights",9.4,644.4,1,0.8227487288611596,82.3,High
46,L0047,Banouj,15.5,garden_house,,unstable,local_ad,"lights,fridge,TV",5.3,339.0,1,0.5588174941230631,55.9,Medium
47,L0048,Tizab,17.0,farm,mixed_use,none,returning_customer,"pump,fridge",10.1,686.0,1,0.8293900011680568,82.9,High
48,L0049,Jannat Shahr,22.0,rural_house,primary_residence,unstable,returning_customer,"lights,fridge",4.7,283.9,1,0.7242529952820993,72.4,High
49,L0050,Bakhtajerd,11.5,farm,mixed_use,none,instagram,"pump,AC",14.6,729.5,1,0.8248998277821153,82.5,High
50,L0051,Shamsabad,15.4,garden_house,agriculture,none,referral,"pump,lights",10.1,745.5,1,0.6893127152248815,68.9,Medium
51,L0052,Jamsi,15.2,garden_house,seasonal_garden,unstable,referral,"lights,fridge",4.8,307.3,1,0.4456184897825086,44.6,Medium
52,L0053,Banouj,18.6,farm,agriculture,none,referral,"pump,AC",12.6,795.0,1,0.9388926430007033,93.9,High
53,L0054,Banouj,14.8,rural_house,primary_residence,none,instagram,"AC,fridge",9.9,540.3,0,0.39333105580204636,39.3,Low
54,L0055,Jamsi,20.8,farm,mixed_use,unstable,returning_customer,"pump,AC",13.0,669.0,1,0.9021247702660291,90.2,High
55,L0056,Rostaq,66.7,garden_house,seasonal_garden,none,instagram,"lights,TV",1.9,146.8,1,0.24667384803324588,24.7,Low
56,L0057,Bakhtajerd,15.1,garden_house,seasonal_garden,unstable,instagram,"AC,fridge",9.5,498.5,0,0.1679104579737473,16.8,Low
57,L0058,Morvarid,38.2,farm,agriculture,none,referral,"pump,lights",9.7,729.3,1,0.8134353844595236,81.3,High
58,L0059,Banouj,16.8,rural_house,seasonal_garden,none,local_ad,"lights,fridge,TV",6.1,318.5,1,0.35707595820287974,35.7,Low
59,L0060,Jannat Shahr,20.3,farm,seasonal_garden,unstable,referral,"lights,fridge",4.6,303.7,0,0.6410824708735627,64.1,Medium
60,L0061,Shamsabad,15.9,rural_house,mixed_use,none,instagram,"AC,fridge",8.9,471.8,0,0.4613252083678001,46.1,Medium
61,L0062,Nidshahr,11.8,farm,primary_residence,none,instagram,pump,8.7,465.5,0,0.6288506010153007,62.9,Medium
62,L0063,Sangcharak,4.4,rural_house,seasonal_garden,unstable,instagram,"lights,TV",2.8,145.9,0,0.331317374886684,33.1,Low
63,L0064,Banouj,22.5,farm,agriculture,none,instagram,"pump,lights",10.3,700.2,0,0.7158364044275375,71.6,High
64,L0065,Jannat Shahr,22.8,garden_house,mixed_use,none,referral,"pump,lights",7.6,547.0,0,0.5718582956914829,57.2,Medium
65,L0066,Tizab,17.7,farm,mixed_use,none,instagram,pump,10.4,625.7,0,0.694421871283244,69.4,Medium
66,L0067,Sangcharak,6.9,rural_house,primary_residence,none,referral,"AC,fridge",9.4,472.3,1,0.540997666361489,54.1,Medium
67,L0068,Nidshahr,6.3,garden_house,mixed_use,none,referral,"lights,fridge",5.0,280.5,1,0.7166023552124962,71.7,High
68,L0069,Banouj,12.1,farm,agriculture,none,instagram,"pump,AC",13.5,741.9,1,0.8878624551533542,88.8,High
69,L0070,Shamsabad,23.5,farm,agriculture,none,returning_customer,"pump,lights",9.3,564.2,0,0.8558546971731051,85.6,High
70,L0071,Rostaq,74.2,farm,agriculture,none,local_ad,"pump,lights",9.3,633.5,0,0.6453690712967153,64.5,Medium
71,L0072,Zarrindasht,67.6,garden_house,seasonal_garden,none,local_ad,"lights,TV",2.6,200.0,0,0.25321111423362785,25.3,Low
72,L0073,Hasan Abad,14.2,rural_house,primary_residence,none,local_ad,"lights,fridge,TV",5.0,296.4,0,0.5185426642260309,51.9,Medium
73,L0074,Bakhtajerd,11.1,garden_house,mixed_use,unstable,local_ad,"AC,fridge,lights",12.6,693.6,0,0.40715016288756173,40.7,Medium
74,L0075,Shamsabad,18.7,garden_house,seasonal_garden,none,referral,lights,1.3,137.6,0,0.3165534042397692,31.7,Low
75,L0076,Layzangan,79.0,rural_house,primary_residence,none,referral,"lights,TV",3.1,200.0,0,0.5585523186720018,55.9,Medium
76,L0077,Tizab,20.2,farm,agriculture,none,instagram,"pump,fridge",8.1,562.7,1,0.742585507153481,74.3,High
77,L0078,Jamsi,21.7,farm,,none,referral,"pump,fridge",8.4,561.6,1,0.8326823881431729,83.3,High
78,L0079,Shamsabad,18.4,garden_house,primary_residence,none,referral,"lights,fridge,TV",6.2,377.6,0,0.5701300046383267,57.0,Medium
79,L0080,Zarrindasht,66.5,rural_house,primary_residence,none,referral,"lights,fridge",3.5,240.3,1,0.6446434636772297,64.5,Medium
80,L0081,Jannat Shahr,19.9,rural_house,mixed_use,none,,"AC,fridge,lights",12.5,679.0,1,0.6599699376370352,66.0,Medium
81,L0082,Nidshahr,10.7,farm,seasonal_garden,none,instagram,"pump,lights",8.6,555.3,1,0.4204981335229431,42.0,Medium
82,L0083,Shahanan,9.0,rural_house,mixed_use,none,returning_customer,"lights,TV",2.4,143.6,1,0.7961747356338329,79.6,High
83,L0084,Jamsi,12.4,farm,agriculture,none,referral,"pump,fridge",9.5,555.1,1,0.8289652671723826,82.9,High
84,L0085,Jamsi,19.8,garden_house,seasonal_garden,unstable,local_ad,"lights,fridge,TV",5.9,323.0,1,0.23988995279216813,24.0,Low
85,L0086,Dabiran,69.2,garden_house,seasonal_garden,none,referral,"AC,fridge,lights",11.7,637.7,0,0.3007355412176193,30.1,Low
86,L0087,Pasakhan,26.7,garden_house,agriculture,none,referral,"lights,fridge",4.3,294.3,0,0.7822633112012577,78.2,High
87,L0088,Shahanan,6.5,rural_house,mixed_use,none,local_ad,lights,1.5,126.1,1,0.47984235945136045,48.0,Medium
88,L0089,Khosouyeh,42.0,rural_house,primary_residence,unstable,referral,"AC,fridge",8.4,464.5,1,0.4323294327716885,43.2,Medium
89,L0090,Banouj,22.5,farm,agriculture,none,referral,"pump,lights",7.7,553.6,1,0.8233621149264323,82.3,High
90,L0091,Jamsi,11.4,farm,mixed_use,none,instagram,"pump,AC",15.9,830.0,1,0.8268399314354855,82.7,High
91,L0092,Khosouyeh,48.0,farm,agriculture,none,referral,"pump,AC",15.4,817.2,1,0.9118138321617846,91.2,High
92,L0093,Badameh,62.8,garden_house,mixed_use,unstable,referral,"pump,lights",7.7,482.6,1,0.41839148750472405,41.8,Medium
93,L0094,Rostaq,70.7,farm,mixed_use,unstable,referral,pump,7.9,539.3,0,0.703868525217214,70.4,High
94,L0095,Banouj,18.1,garden_house,mixed_use,none,local_ad,"AC,fridge",12.0,657.2,0,0.3843015027070535,38.4,Low
95,L0096,Banouj,10.5,farm,agriculture,none,local_ad,pump,9.6,610.3,1,0.7983380311339207,79.8,High
96,L0097,Nidshahr,7.8,garden_house,seasonal_garden,none,instagram,"lights,fridge,TV",6.3,348.0,1,0.2997299502819151,30.0,Low
97,L0098,Banouj,16.5,garden_house,seasonal_garden,none,returning_customer,"AC,fridge",10.3,525.8,0,0.3911161768420568,39.1,Low
98,L0099,Bargan,11.7,garden_house,seasonal_garden,none,local_ad,"AC,fridge,lights",11.3,639.5,1,0.2783494214287971,27.8,Low
99,L0100,Hasan Abad,14.7,garden_house,primary_residence,none,referral,"lights,fridge,TV",5.5,286.7,0,0.5646995939317546,56.5,Medium
100,L0101,Rostaq,70.5,farm,mixed_use,unstable,referral,"pump,lights",9.2,585.1,1,0.6080730951616428,60.8,Medium
101,L0102,Shahanan,7.6,rural_house,mixed_use,unstable,instagram,"lights,fridge",4.9,297.9,1,0.6018162474863447,60.2,Medium
102,L0103,Jamsi,13.5,garden_house,seasonal_garden,unstable,instagram,"lights,fridge,TV",4.8,279.7,1,0.24814618606183245,24.8,Low
103,L0104,Tizab,17.7,farm,agriculture,none,referral,"pump,fridge",10.7,702.8,1,0.8340284122280329,83.4,High
104,L0105,Badameh,64.3,garden_house,seasonal_garden,none,local_ad,lights,1.9,190.8,0,0.16512003353686025,16.5,Low
105,L0106,Nidshahr,5.4,rural_house,seasonal_garden,unstable,local_ad,"AC,fridge,lights",13.2,705.2,0,0.2822595771827031,28.2,Low
106,L0107,Nidshahr,6.6,garden_house,agriculture,unstable,local_ad,"pump,fridge",8.2,595.5,0,0.5343720793161124,53.4,Medium
107,L0108,Shamsabad,16.0,rural_house,primary_residence,none,instagram,"lights,fridge",4.3,275.8,0,0.5861281048870747,58.6,Medium
108,L0109,Shamsabad,17.2,farm,mixed_use,none,local_ad,"pump,fridge",8.5,577.7,0,0.6630207145581456,66.3,Medium
109,L0110,Layzangan,80.4,farm,mixed_use,none,referral,pump,6.8,564.5,1,0.762952994501767,76.3,High
110,L0111,Khosouyeh,40.5,garden_house,mixed_use,unstable,referral,"lights,fridge,TV",4.7,283.6,1,0.5410793717924185,54.1,Medium
111,L0112,Nidshahr,10.8,farm,mixed_use,none,local_ad,pump,9.2,468.6,1,0.6943958272078242,69.4,Medium
112,L0113,Shahanan,2.5,farm,agriculture,none,,"pump,fridge",12.5,848.0,1,0.8513855151541022,85.1,High
113,L0114,Badameh,65.6,garden_house,seasonal_garden,unstable,instagram,"lights,fridge",3.5,225.8,0,0.24170059888337248,24.2,Low
114,L0115,Hasan Abad,19.8,farm,agriculture,unstable,referral,"pump,lights",10.2,629.9,1,0.7673306512492095,76.7,High
115,L0116,Layzangan,79.7,garden_house,mixed_use,none,referral,"lights,fridge",4.8,324.9,1,0.6172862710174095,61.7,Medium
116,L0117,Shahanan,6.5,rural_house,agriculture,none,local_ad,pump,7.7,484.7,1,0.7093428313300568,70.9,High
117,L0118,Shahanan,8.8,rural_house,agriculture,none,instagram,"pump,lights",9.4,627.7,0,0.6203206381641583,62.0,Medium
118,L0119,Hasan Abad,14.9,farm,agriculture,none,local_ad,"pump,fridge",8.6,626.5,1,0.762241029147854,76.2,High
119,L0120,Jannat Shahr,25.1,farm,agriculture,unstable,returning_customer,"pump,fridge",10.2,576.5,0,0.8264700702265478,82.6,High
120,L0121,Morvarid,40.1,farm,agriculture,none,referral,pump,8.0,593.2,1,0.8601730125025393,86.0,High
121,L0122,Hasan Abad,14.8,garden_house,,none,instagram,"lights,TV",2.5,157.5,0,0.6245713906229233,62.5,Medium
122,L0123,Badameh,66.8,garden_house,mixed_use,unstable,instagram,"AC,fridge,lights",11.0,568.3,1,0.30593692522869986,30.6,Low
123,L0124,Morvarid,35.3,garden_house,seasonal_garden,unstable,instagram,"lights,fridge",4.7,310.7,0,0.28334650833979336,28.3,Low
124,L0125,Shahanan,7.5,rural_house,seasonal_garden,unstable,local_ad,"AC,fridge",8.7,439.5,1,0.22959386854709957,23.0,Low
125,L0126,Bargan,12.0,farm,agriculture,unstable,local_ad,"pump,fridge",8.8,709.4,0,0.7318901829544698,73.2,High
126,L0127,Nidshahr,9.9,farm,mixed_use,none,referral,"pump,fridge",9.3,544.2,1,0.7638400440483778,76.4,High
127,L0128,Badameh,65.0,farm,agriculture,none,instagram,pump,8.4,581.0,1,0.7345280958780078,73.5,High
128,L0129,Dabiran,69.9,garden_house,mixed_use,unstable,referral,"lights,fridge,TV",5.2,303.6,0,0.48564760174963784,48.6,Medium
129,L0130,Jamsi,14.9,farm,agriculture,unstable,local_ad,"pump,fridge",9.5,780.4,1,0.7329592550196588,73.3,High
130,L0131,Banouj,14.9,farm,agriculture,none,instagram,"pump,AC",12.1,718.7,1,0.8938683090101215,89.4,High
131,L0132,Morvarid,33.1,garden_house,seasonal_garden,none,referral,"lights,TV",1.7,144.0,0,0.42835788842061234,42.8,Medium
132,L0133,Hasan Abad,12.4,rural_house,primary_residence,none,returning_customer,"lights,fridge,TV",4.8,271.7,0,0.7269354872733306,72.7,High
133,L0134,Madavan,33.6,rural_house,,none,instagram,"AC,fridge",7.9,363.3,1,0.5252916873434279,52.5,Medium
134,L0135,Pasakhan,23.2,rural_house,primary_residence,none,referral,"lights,fridge,TV",4.9,297.1,0,0.6374472164597196,63.7,Medium
135,L0136,Shahanan,9.6,garden_house,agriculture,unstable,instagram,"pump,lights",7.2,484.6,0,0.48233435696491245,48.2,Medium
136,L0137,Shahanan,3.5,farm,agriculture,none,referral,"pump,AC",16.2,761.5,1,0.9258271899117201,92.6,High
137,L0138,Layzangan,87.1,farm,mixed_use,unstable,returning_customer,pump,7.9,468.9,1,0.737273069815697,73.7,High
138,L0139,Madavan,33.0,rural_house,agriculture,none,instagram,pump,8.9,559.7,0,0.6599274789967734,66.0,Medium
139,L0140,Jamsi,12.2,garden_house,agriculture,none,local_ad,pump,6.2,436.8,0,0.6474135903067465,64.7,Medium
140,L0141,Dabiran,66.2,garden_house,primary_residence,none,referral,"lights,fridge",5.5,327.7,1,0.5587598381964783,55.9,Medium
141,L0142,Shahanan,7.6,garden_house,seasonal_garden,unstable,instagram,"lights,fridge,TV",5.1,241.8,0,0.2436822364818524,24.4,Low
142,L0143,Pasakhan,24.9,rural_house,agriculture,unstable,referral,pump,8.4,513.5,1,0.7365080991035986,73.7,High
143,L0144,Hasan Abad,10.3,farm,agriculture,unstable,instagram,"pump,fridge",8.1,547.1,1,0.7011606454112949,70.1,High
144,L0145,Madavan,28.6,farm,agriculture,unstable,local_ad,"pump,lights",10.8,670.9,1,0.6426122922208993,64.3,Medium
145,L0146,Rostaq,69.1,farm,agriculture,unstable,returning_customer,"pump,lights",9.0,668.3,1,0.7929038690863829,79.3,High
146,L0147,Sangcharak,5.8,farm,seasonal_garden,none,instagram,"pump,fridge",10.2,608.3,1,0.4390112106050765,43.9,Medium
147,L0148,Khosouyeh,42.8,rural_house,mixed_use,none,referral,"AC,fridge,lights",11.8,589.9,1,0.6121918267242754,61.2,Medium
148,L0149,Nidshahr,4.7,garden_house,seasonal_garden,unstable,instagram,"lights,fridge,TV",6.4,375.5,0,0.2568693958326523,25.7,Low
149,L0150,Sangcharak,5.1,garden_house,seasonal_garden,none,referral,lights,2.1,158.8,0,0.32917285341751856,32.9,Low
150,L0151,Jamsi,22.0,farm,agriculture,unstable,referral,pump,8.0,570.6,1,0.8402069947600412,84.0,High
151,L0152,Khosouyeh,42.1,garden_house,mixed_use,unstable,instagram,"AC,fridge",9.8,455.4,0,0.2707800967537448,27.1,Low
152,L0153,Shahanan,7.8,farm,agriculture,unstable,referral,"pump,fridge",11.2,696.1,0,0.7989010916880284,79.9,High
153,L0154,Nidshahr,6.0,rural_house,primary_residence,none,referral,"AC,fridge,lights",11.9,615.4,1,0.6105050922962741,61.1,Medium
154,L0155,Dabiran,66.4,garden_house,,none,referral,"lights,fridge,TV",5.1,292.4,1,0.656097835101977,65.6,Medium
155,L0156,Sangcharak,8.3,farm,agriculture,none,instagram,"pump,fridge",10.4,707.1,0,0.7554916628666408,75.5,High
156,L0157,Shamsabad,17.0,garden_house,mixed_use,none,referral,"lights,fridge",4.4,274.6,1,0.709315786969754,70.9,High
157,L0158,Sangcharak,5.6,rural_house,mixed_use,none,referral,"AC,fridge",10.6,620.8,0,0.6303425929668547,63.0,Medium
158,L0159,Hasan Abad,12.2,garden_house,mixed_use,none,referral,"lights,fridge",4.4,290.8,1,0.7198780408963966,72.0,High
159,L0160,Dabiran,69.4,farm,primary_residence,none,returning_customer,pump,9.0,637.4,1,0.7743033860273593,77.4,High
160,L0161,Dabiran,70.7,farm,agriculture,none,referral,pump,10.0,627.5,1,0.8156492410440633,81.6,High
161,L0162,Layzangan,82.2,farm,agriculture,unstable,referral,"pump,lights",8.1,592.0,1,0.7056639937306712,70.6,High
162,L0163,Bargan,8.8,rural_house,mixed_use,none,instagram,"lights,fridge",5.5,332.2,1,0.6582647738844197,65.8,Medium
163,L0164,Dabiran,71.4,garden_house,seasonal_garden,none,local_ad,"lights,fridge",4.2,290.1,0,0.2948663750065467,29.5,Low
164,L0165,Jamsi,18.4,farm,agriculture,unstable,instagram,"pump,lights",8.2,610.0,0,0.6800902444251289,68.0,Medium
165,L0166,Jamsi,14.2,farm,agriculture,none,referral,"pump,fridge",11.1,833.9,1,0.8525921864805198,85.3,High
166,L0167,Morvarid,33.5,rural_house,primary_residence,none,local_ad,"lights,fridge",5.3,314.8,0,0.5566424542648228,55.7,Medium
167,L0168,Khosouyeh,42.1,farm,seasonal_garden,unstable,referral,"pump,lights",7.6,568.4,1,0.46803624018959844,46.8,Medium
168,L0169,Shahanan,8.0,rural_house,primary_residence,unstable,referral,"lights,fridge,TV",6.4,336.2,0,0.5844379163253266,58.4,Medium
169,L0170,Nidshahr,6.1,garden_house,seasonal_garden,unstable,instagram,"AC,fridge",10.7,556.4,0,0.17298282537123935,17.3,Low
170,L0171,Bargan,5.5,farm,primary_residence,none,returning_customer,"pump,fridge",10.1,722.3,1,0.8048004606143591,80.5,High
171,L0172,Hasan Abad,16.1,farm,agriculture,none,instagram,"pump,lights",9.9,639.2,1,0.7173126962002928,71.7,High
172,L0173,Hasan Abad,14.5,farm,agriculture,none,referral,"pump,fridge",11.5,833.4,1,0.8483516900305802,84.8,High
173,L0174,Pasakhan,26.8,farm,agriculture,none,referral,"pump,fridge",10.1,612.3,1,0.8168801225549763,81.7,High
174,L0175,Jannat Shahr,24.8,garden_house,seasonal_garden,none,referral,lights,2.1,190.8,0,0.3069881222050732,30.7,Low
175,L0176,Shahanan,11.7,farm,mixed_use,unstable,local_ad,"pump,lights",7.7,523.7,1,0.5873680747742085,58.7,Medium
176,L0177,Dabiran,69.3,garden_house,seasonal_garden,none,returning_customer,"lights,TV",2.4,175.7,1,0.44998586526579776,45.0,Medium
177,L0178,Tizab,14.3,farm,agriculture,none,referral,"pump,lights",8.0,496.1,1,0.8189732069204372,81.9,High
178,L0179,Nidshahr,1.5,farm,seasonal_garden,unstable,referral,"lights,fridge",3.5,231.2,1,0.6715280049508362,67.2,Medium
179,L0180,Banouj,18.1,garden_house,mixed_use,none,returning_customer,"AC,fridge",10.8,585.4,1,0.6094387245384184,60.9,Medium
180,L0181,Jamsi,18.8,garden_house,primary_residence,unstable,instagram,"lights,fridge",5.0,256.3,1,0.42269305129020546,42.3,Medium
181,L0182,Bargan,11.1,farm,agriculture,none,local_ad,"pump,lights",8.7,581.1,1,0.7366362621123272,73.7,High
182,L0183,Bakhtajerd,13.3,garden_house,seasonal_garden,unstable,referral,"lights,TV",2.4,134.2,0,0.3839160530058638,38.4,Low
183,L0184,Bakhtajerd,16.2,farm,agriculture,unstable,local_ad,"pump,lights",9.6,601.4,0,0.665502373980643,66.6,Medium
184,L0185,Sangcharak,7.3,garden_house,agriculture,unstable,referral,"pump,fridge",8.5,594.7,1,0.6578297762476982,65.8,Medium
185,L0186,Jannat Shahr,24.1,farm,seasonal_garden,none,instagram,"pump,lights",8.3,641.2,1,0.4266559016179883,42.7,Medium
186,L0187,Rostaq,64.9,farm,agriculture,none,local_ad,pump,8.1,586.8,1,0.7471080609764544,74.7,High
187,L0188,Jamsi,17.8,garden_house,seasonal_garden,none,referral,"lights,fridge,TV",6.4,380.7,0,0.42318908123176774,42.3,Medium
188,L0189,Banouj,12.7,farm,agriculture,none,instagram,"pump,fridge",8.5,651.1,1,0.7650056611072955,76.5,High
189,L0190,Tizab,13.6,garden_house,mixed_use,none,referral,"AC,fridge",10.3,596.8,1,0.5418418437958751,54.2,Medium
190,L0191,Morvarid,32.2,rural_house,mixed_use,none,referral,"AC,fridge",9.5,466.1,1,0.5642332029357866,56.4,Medium
191,L0192,Dabiran,70.9,farm,agriculture,none,instagram,"pump,lights",7.6,524.7,1,0.6445493547309625,64.5,Medium
192,L0193,Khosouyeh,46.3,garden_house,seasonal_garden,none,local_ad,"AC,fridge,lights",10.6,564.2,0,0.2269035151538433,22.7,Low
193,L0194,Jamsi,18.5,farm,agriculture,none,referral,pump,8.9,526.2,1,0.8610619012938926,86.1,High
194,L0195,Badameh,66.7,farm,agriculture,none,referral,pump,7.0,459.6,1,0.8259730969441361,82.6,High
195,L0196,Bakhtajerd,18.6,farm,agriculture,none,,pump,8.9,583.6,1,0.8684927694161448,86.8,High
196,L0197,Hasan Abad,15.2,garden_house,seasonal_garden,none,returning_customer,"lights,fridge",4.2,267.4,0,0.5990250073475353,59.9,Medium
197,L0198,Tizab,13.8,garden_house,seasonal_garden,unstable,referral,lights,1.9,162.1,0,0.2664970577195833,26.6,Low
198,L0199,Zarrindasht,66.3,farm,mixed_use,none,instagram,"pump,AC",13.5,648.2,0,0.7611536781355133,76.1,High
199,L0200,Sangcharak,10.9,farm,agriculture,none,local_ad,pump,7.3,576.0,1,0.8192340636628351,81.9,High
200,L0201,Hasan Abad,12.9,rural_house,primary_residence,none,referral,"lights,fridge,TV",5.1,316.2,1,0.6553330409461776,65.5,Medium
201,L0202,Sangcharak,9.1,farm,agriculture,none,local_ad,pump,7.4,542.9,1,0.8144307082602017,81.4,High
202,L0203,Bargan,11.7,garden_house,mixed_use,none,,"lights,fridge",4.0,234.0,1,0.7139114405175294,71.4,High
203,L0204,Dabiran,68.3,rural_house,primary_residence,none,referral,"AC,fridge,lights",12.1,624.9,0,0.501972041573083,50.2,Medium
204,L0205,Tizab,17.8,garden_house,seasonal_garden,none,referral,"lights,fridge",4.1,267.5,0,0.5077722555450338,50.8,Medium
205,L0206,Tizab,16.6,farm,mixed_use,unstable,referral,"pump,AC",16.3,779.4,0,0.8533471841096034,85.3,High
206,L0207,Pasakhan,30.9,farm,agriculture,unstable,referral,"lights,fridge,TV",5.0,296.7,1,0.8133143733793672,81.3,High
207,L0208,Khosouyeh,41.5,rural_house,agriculture,unstable,local_ad,"pump,lights",7.9,569.3,0,0.5219989725235965,52.2,Medium
208,L0209,Banouj,14.7,rural_house,primary_residence,none,referral,"lights,TV",3.1,200.0,1,0.6651107704795315,66.5,Medium
209,L0210,Banouj,14.8,rural_house,primary_residence,none,local_ad,"lights,fridge",4.5,320.3,1,0.6049644908029703,60.5,Medium
210,L0211,Layzangan,81.8,rural_house,primary_residence,none,returning_customer,"lights,fridge,TV",5.0,297.6,1,0.623905331685542,62.4,Medium
211,L0212,Hasan Abad,20.5,farm,agriculture,unstable,returning_customer,"pump,lights",10.0,686.2,1,0.8357070512091324,83.6,High
212,L0213,Khosouyeh,44.2,farm,agriculture,none,instagram,pump,6.9,521.8,1,0.7707154103757172,77.1,High
213,L0214,Bakhtajerd,14.4,farm,agriculture,none,,"pump,lights",10.6,761.8,1,0.8329552166703055,83.3,High
214,L0215,Hasan Abad,11.5,farm,mixed_use,unstable,local_ad,"pump,lights",8.9,673.3,1,0.6058563498952015,60.6,Medium
215,L0216,Bakhtajerd,12.9,rural_house,,none,returning_customer,"pump,lights",9.9,634.2,1,0.7975445197391003,79.8,High
216,L0217,Bakhtajerd,15.4,farm,mixed_use,none,referral,pump,9.4,621.7,0,0.8159736634472537,81.6,High
217,L0218,Jannat Shahr,20.5,rural_house,seasonal_garden,none,local_ad,"lights,fridge,TV",5.3,299.9,0,0.36043478051023076,36.0,Low
218,L0219,Sangcharak,4.8,garden_house,seasonal_garden,none,referral,"lights,TV",2.4,141.5,0,0.4634122889087461,46.3,Medium
219,L0220,Badameh,64.3,rural_house,mixed_use,unstable,returning_customer,"lights,fridge",5.0,312.9,1,0.7240260349451509,72.4,High
220,L0221,Jamsi,12.7,garden_house,,unstable,referral,"lights,TV",2.4,144.5,1,0.6981148233211597,69.8,Medium
221,L0222,Jannat Shahr,23.0,garden_house,seasonal_garden,none,referral,lights,1.6,146.1,0,0.3071867462431692,30.7,Low
222,L0223,Bakhtajerd,13.9,rural_house,mixed_use,unstable,referral,"AC,fridge",11.4,553.3,0,0.5199842826504494,52.0,Medium
223,L0224,Badameh,58.6,farm,mixed_use,none,referral,"pump,fridge",10.4,745.7,0,0.7258311664443015,72.6,High
224,L0225,Shamsabad,18.7,garden_house,agriculture,none,local_ad,pump,7.0,424.7,1,0.6194462160510918,61.9,Medium
225,L0226,Tizab,19.8,garden_house,primary_residence,none,referral,"AC,fridge,lights",13.0,657.4,1,0.5023337208601221,50.2,Medium
226,L0227,Banouj,13.3,garden_house,seasonal_garden,none,instagram,"lights,fridge",4.8,310.1,1,0.37205051939978523,37.2,Low
227,L0228,Sangcharak,5.3,farm,agriculture,none,instagram,"lights,fridge",4.3,301.8,1,0.8429297162394387,84.3,High
228,L0229,Bakhtajerd,13.6,farm,seasonal_garden,none,referral,"lights,fridge,TV",5.8,383.6,0,0.6438081612581317,64.4,Medium
229,L0230,Morvarid,35.8,farm,mixed_use,none,referral,pump,8.5,604.0,0,0.8014662143207871,80.1,High
230,L0231,Bakhtajerd,12.2,rural_house,mixed_use,none,instagram,"lights,fridge,TV",5.5,310.7,0,0.5784894834215863,57.8,Medium
231,L0232,Hasan Abad,12.1,garden_house,primary_residence,unstable,referral,"lights,fridge,TV",5.7,351.3,0,0.5192143029414372,51.9,Medium
232,L0233,Morvarid,32.3,rural_house,primary_residence,unstable,referral,"lights,TV",2.5,166.2,1,0.5774605828743634,57.7,Medium
233,L0234,Tizab,15.2,garden_house,seasonal_garden,none,referral,"lights,fridge",5.1,266.3,1,0.49281785638600356,49.3,Medium
234,L0235,Layzangan,82.7,farm,agriculture,none,returning_customer,pump,6.6,384.7,1,0.8521870103381619,85.2,High
235,L0236,Shahanan,9.1,farm,mixed_use,none,instagram,"pump,AC",13.4,757.9,1,0.8443001951899729,84.4,High
236,L0237,Jamsi,17.5,garden_house,seasonal_garden,none,local_ad,"lights,TV",2.7,170.5,0,0.31627151348570703,31.6,Low
237,L0238,Banouj,10.5,farm,primary_residence,none,referral,"pump,fridge",10.3,736.3,1,0.735357957322855,73.5,High
238,L0239,Shahanan,8.3,farm,mixed_use,none,referral,"pump,lights",8.4,548.7,1,0.7603409154747929,76.0,High
239,L0240,Shahanan,7.3,rural_house,primary_residence,none,local_ad,"lights,fridge,TV",5.6,285.7,1,0.5161399197962052,51.6,Medium
240,L0241,Pasakhan,27.3,garden_house,seasonal_garden,none,referral,"lights,fridge,TV",5.8,320.7,0,0.401924150135557,40.2,Medium
241,L0242,Morvarid,37.6,farm,seasonal_garden,none,local_ad,"lights,fridge",4.7,286.2,0,0.5362663473706794,53.6,Medium
242,L0243,Pasakhan,24.6,garden_house,mixed_use,none,referral,"lights,fridge,TV",4.5,287.0,1,0.6350396983504698,63.5,Medium
243,L0244,Banouj,18.4,garden_house,seasonal_garden,none,instagram,"lights,fridge",4.5,278.8,0,0.3609555958488491,36.1,Low
244,L0245,Tizab,14.6,garden_house,agriculture,unstable,referral,pump,8.2,548.6,1,0.7003114025597138,70.0,Medium
245,L0246,Morvarid,31.3,farm,agriculture,none,returning_customer,"pump,lights",8.9,590.1,1,0.8564688053750236,85.6,High
246,L0247,Khosouyeh,41.9,rural_house,seasonal_garden,none,instagram,"AC,fridge",10.7,594.6,0,0.22999414458439976,23.0,Low
247,L0248,Rostaq,70.9,farm,agriculture,none,referral,"pump,lights",11.2,722.5,1,0.7540856533082678,75.4,High
248,L0249,Pasakhan,24.3,garden_house,seasonal_garden,unstable,instagram,"AC,fridge,lights",12.2,713.4,0,0.2106165126505947,21.1,Low
249,L0250,Pasakhan,26.0,farm,agriculture,none,referral,pump,9.3,644.1,1,0.8667884868300527,86.7,High
250,L0251,Layzangan,79.6,farm,mixed_use,unstable,local_ad,"pump,AC",12.2,671.7,1,0.7248276458762045,72.5,High
251,L0252,Pasakhan,25.3,rural_house,mixed_use,none,referral,lights,1.5,148.7,1,0.5884478261176849,58.8,Medium
252,L0253,Jamsi,17.8,farm,agriculture,none,local_ad,"pump,lights",7.7,618.7,1,0.7503316963720316,75.0,High
253,L0254,Shahanan,8.4,farm,mixed_use,none,instagram,"pump,fridge",8.0,589.4,1,0.6801849060179606,68.0,Medium
254,L0255,Shahanan,9.4,farm,agriculture,unstable,local_ad,"lights,fridge",3.4,222.9,1,0.8035920418468775,80.4,High
255,L0256,Madavan,29.2,garden_house,seasonal_garden,unstable,referral,"AC,fridge,lights",11.5,569.4,0,0.292553135979075,29.3,Low
256,L0257,Madavan,35.2,farm,agriculture,none,referral,"pump,lights",7.8,551.4,1,0.8084715764477488,80.8,High
257,L0258,Tizab,15.1,farm,agriculture,none,referral,pump,7.5,494.1,1,0.8720754173759275,87.2,High
258,L0259,Shahanan,7.6,garden_house,seasonal_garden,unstable,referral,"lights,fridge",4.0,216.5,1,0.448833567248927,44.9,Medium
259,L0260,Shamsabad,18.6,farm,mixed_use,unstable,referral,"pump,fridge",10.9,664.1,0,0.7038644429054918,70.4,High
260,L0261,Sangcharak,4.6,garden_house,seasonal_garden,none,referral,lights,1.4,128.1,0,0.3342343698816643,33.4,Low
261,L0262,Shamsabad,18.8,garden_house,mixed_use,none,referral,"lights,fridge,TV",5.3,317.0,1,0.6380212336317611,63.8,Medium
262,L0263,Banouj,14.1,garden_house,,none,referral,"pump,fridge",8.4,580.9,1,0.7019814449484151,70.2,High
263,L0264,Shamsabad,16.4,garden_house,seasonal_garden,none,,"lights,fridge",4.8,295.3,1,0.5045834375169023,50.5,Medium
264,L0265,Jannat Shahr,19.0,farm,,unstable,local_ad,"lights,fridge,TV",4.7,270.6,1,0.7318791021064588,73.2,High
265,L0266,Tizab,16.6,farm,seasonal_garden,none,,"pump,AC",14.4,741.9,1,0.7778205980079086,77.8,High
266,L0267,Khosouyeh,42.2,farm,seasonal_garden,unstable,referral,"lights,fridge,TV",5.2,267.1,0,0.5121024955580645,51.2,Medium
267,L0268,Madavan,33.8,garden_house,seasonal_garden,unstable,instagram,"lights,fridge,TV",5.8,344.7,0,0.22186932914635166,22.2,Low
268,L0269,Madavan,31.0,rural_house,seasonal_garden,none,referral,"lights,fridge",5.0,359.4,0,0.5691432248227876,56.9,Medium
269,L0270,Hasan Abad,15.4,garden_house,seasonal_garden,none,instagram,"lights,fridge",3.6,253.7,0,0.3753705903732852,37.5,Low
270,L0271,Shamsabad,17.3,rural_house,seasonal_garden,unstable,local_ad,"lights,fridge,TV",6.4,358.2,0,0.3039148350181583,30.4,Low
271,L0272,Dabiran,72.3,farm,agriculture,unstable,local_ad,"lights,fridge,TV",5.8,294.8,1,0.6394908971794429,63.9,Medium
272,L0273,Jamsi,13.2,garden_house,seasonal_garden,none,referral,"AC,fridge,lights",13.7,695.9,0,0.3683284942033728,36.8,Low
273,L0274,Tizab,16.5,garden_house,agriculture,unstable,local_ad,"pump,lights",11.4,551.6,0,0.4180155353334062,41.8,Medium
274,L0275,Nidshahr,8.3,garden_house,,none,,"lights,fridge",4.6,295.0,1,0.7999040241754418,80.0,High
275,L0276,Shamsabad,14.4,garden_house,mixed_use,none,referral,"lights,fridge",4.3,225.1,1,0.7031928846643974,70.3,High
276,L0277,Shahanan,11.9,farm,agriculture,none,referral,"pump,lights",8.9,544.2,0,0.8192160820131885,81.9,High
277,L0278,Dabiran,66.6,farm,agriculture,none,instagram,"pump,AC",15.2,739.8,1,0.8255173465236725,82.6,High
278,L0279,Hasan Abad,15.7,farm,mixed_use,none,referral,pump,7.9,520.7,1,0.8159569657596919,81.6,High
279,L0280,Tizab,17.7,farm,seasonal_garden,none,instagram,"pump,AC",16.6,688.1,1,0.6073617701191907,60.7,Medium
280,L0281,Banouj,14.7,farm,agriculture,none,referral,"pump,lights",9.2,585.4,1,0.8197306400875964,82.0,High
281,L0282,Badameh,63.5,rural_house,mixed_use,unstable,instagram,"lights,fridge",4.4,285.0,0,0.51124471192596,51.1,Medium
282,L0283,Dabiran,68.0,farm,agriculture,none,local_ad,pump,6.9,541.5,1,0.7507932985980565,75.1,High
283,L0284,Rostaq,69.5,garden_house,seasonal_garden,none,instagram,"lights,fridge,TV",6.2,359.4,0,0.22083884538215715,22.1,Low
284,L0285,Madavan,30.4,garden_house,mixed_use,none,,"lights,TV",2.2,150.7,0,0.6387517752796749,63.9,Medium
285,L0286,Jamsi,13.6,farm,agriculture,unstable,instagram,"pump,lights",7.7,576.3,1,0.6875028174004867,68.8,Medium
286,L0287,Badameh,63.4,garden_house,seasonal_garden,unstable,,"lights,TV",2.1,145.2,1,0.3123989537378959,31.2,Low
287,L0288,Nidshahr,11.8,farm,agriculture,none,referral,pump,8.1,591.5,0,0.8813827686384225,88.1,High
288,L0289,Shamsabad,15.0,farm,agriculture,unstable,referral,"pump,lights",9.4,593.2,1,0.7768213238041967,77.7,High
289,L0290,Bakhtajerd,12.7,garden_house,seasonal_garden,unstable,referral,"lights,fridge,TV",5.2,273.6,1,0.36346483498511134,36.3,Low
290,L0291,Sangcharak,12.5,farm,seasonal_garden,none,instagram,"pump,lights",8.1,506.1,0,0.4133639710261656,41.3,Medium
291,L0292,Madavan,27.5,farm,agriculture,none,referral,"pump,lights",6.7,455.7,0,0.8132614192206261,81.3,High
292,L0293,Pasakhan,27.7,garden_house,,none,instagram,"lights,fridge",5.2,327.4,0,0.6592245545662688,65.9,Medium
293,L0294,Banouj,19.6,garden_house,seasonal_garden,none,local_ad,"lights,fridge,TV",5.7,295.8,1,0.28732388563382066,28.7,Low
294,L0295,Hasan Abad,13.3,rural_house,seasonal_garden,none,referral,"lights,fridge",4.7,274.4,1,0.581837295374865,58.2,Medium
295,L0296,Madavan,31.6,rural_house,seasonal_garden,none,referral,"lights,fridge",4.5,303.6,1,0.5621850076401476,56.2,Medium
296,L0297,Hasan Abad,13.3,rural_house,primary_residence,none,instagram,lights,1.8,132.6,1,0.385699435207445,38.6,Low
297,L0298,Banouj,18.0,farm,,none,referral,"pump,lights",11.4,763.2,1,0.820784967897976,82.1,High
298,L0299,Morvarid,30.2,garden_house,mixed_use,unstable,referral,"lights,fridge",4.4,315.3,0,0.6425612640196352,64.3,Medium
299,L0300,Zarrindasht,69.4,garden_house,seasonal_garden,unstable,referral,"lights,fridge",5.0,323.4,0,0.35531609641133416,35.5,Low
